Stars, Create, Sort , Allocate , Fill, Histogram
5000,0.001350,0.002458,0.000616,0.087697,0.191673
7000,0.002330,0.003711,0.000811,0.179840,0.354934
10000,0.002564,0.005125,0.001426,0.357850,0.752323
15000,0.004142,0.007607,0.002579,0.817732,1.682805
20000,0.005640,0.010071,0.005588,1.469079,3.033968
