Stars, Create, Sort , Allocate , Fill, Histogram
10000,0.002773,0.007177,0.001395,1.378713,2.553865
10000,0.002814,0.006586,0.001278,1.352133,2.512622
10000,0.002761,0.006181,0.001268,1.364779,2.462188
10000,0.002915,0.010707,0.001406,2.977867,5.166167
10000,0.002705,0.009467,0.001306,2.921192,5.089134
