Stars, Create, Sort , Allocate , Fill, Histogram
9998,0.002791,0.008741,0.001596,2.853259,5.130431
