Stars, Create, Sort , Allocate , Fill, Histogram
10000,0.002710,0.005058,0.001816,0.348089,2.363809
